{
    "Description" : {
        "Id" : "D181D0BCD0B5D188D0BDD18BD0B5-D0BAD0B0D180D182D0B8D0BDD0BAD0B8-D18FD189D0B5D180D0B8D186D0B0-D0B1D0BED",
        "Name" : "D181D0BCD0B5D188D0BDD18BD0B5-D0BAD0B0D180D182D0B8D0BDD0BAD0B8-D18FD189D0B5D180D0B8D186D0B0-D0B1D0BED",
        "Details" : "Random",
        "Icon" : "D181D0BCD0B5D188D0BDD18BD0B5-D0BAD0B0D180D182D0B8D0BDD0BAD0B8-D18FD189D0B5D180D0B8D186D0B0-D0B1D0BED"
    },
    "ID" : "D181D0BCD0B5D188D0BDD18BD0B5-D0BAD0B0D180D182D0B8D0BDD0BAD0B8-D18FD189D0B5D180D0B8D186D0B0-D0B1D0BED",
    "backgroundColor" : {
        "r" : 0,
        "g" : 0,
        "b" : 0,
        "a" : 0
    },
    "headMesh" : 0.5,
    "hairMesh" : 10,
    "beardMesh" : 0,
    "suitMesh" : 0,
    "scar" : 13,
    "lightRig" : 5,
    "cameraPosition" : 2,
    "complexionTex" : 3,
    "eyebrowTex" : 5,
    "tattooTex" : 8,
    "actualTattooTex" : 8,
    "weights" : [
        20.45474,
        30.19398,
        10.5455,
        5.562396,
        24.03552,
        9.207864
    ],
    "browOffsetY" : 0.0002264046,
    "browOffsetZ" : -0.004615321,
    "noseBridgeScale" : 0.02075141,
    "noseTipScale" : 0.2970197,
    "chinScale" : 0.008809305,
    "cheekOffsetY" : 0.002569506,
    "eyeWidth" : 0.04662016,
    "jawWidth" : 0.03468542,
    "animation" : 0,
    "isCommander" : true,
    "skinToneId" : "Skin_05",
    "eyeColorId" : "Eye_07",
    "hairRootId" : "Hair_12",
    "hairTipId" : "Hair_12",
    "tattooColorId" : "Tattoo_04",
    "lipColorId" : "Lip_01",
    "customPortraitSaveVersion" : 0
}
